{"cameraMode":{"drawMode":0,"name":"Shaded","section":"Shading Mode"},"sceneLighting":true,"audioPlay":false,"sceneViewState":{"m_AlwaysRefresh":false,"showFog":true,"showSkybox":true,"showFlares":true,"showImageEffects":true,"showParticleSystems":true,"showVisualEffectGraphs":true,"m_FxEnabled":true},"in2DMode":false,"pivot":{"x":11.504969596862793,"y":-10.462249755859375,"z":-17.812040328979493},"rotation":{"x":0.055424757301807407,"y":0.933815062046051,"z":-0.31205108761787417,"w":0.1658749282360077},"size":59.568763732910159,"orthographic":false}